language,primary Contributor,filename,blank,comment,code,"http://cloc.sourceforge.net v 1.64  T=0.08 s (300.0 files/s, 78756.1 lines/s)"
C++,g.lee,game_play_level.cpp,143,81,842,
C++,c.hwang,tutorial.cpp,109,45,569,
C++,g.lee,player.cpp,87,24,560,
C++,g.lee,main_menu.cpp,87,29,528,
C++,c.hwang,owner.cpp,47,14,474,
C++,c.hwang,shop.cpp,53,25,227,
C++,g.lee,upgrade_level.cpp,38,13,211,
C++,g.lee,enemy.cpp,33,17,203,
C++,g.lee,level_info.cpp,11,8,196,
C++,c.hwang,object_manager.cpp,20,31,179,
C++,y.cho,tile.cpp,22,29,172,
C++,g.lee,splash_screen.cpp,36,13,157,
C++,g.lee,obstacle.cpp,7,6,88,
C++,c.hwang,advanced_enemy.cpp,9,6,87,
C++,g.lee,particle.cpp,9,9,70,
C++,c.hwang,ui.cpp,12,9,69,
C++,y.cho,tile_Manager.cpp,6,12,58,
C++,g.lee,ending.cpp,9,6,55,
C++,g.lee,bullet.cpp,7,9,55,
C++,g.lee,camera.cpp,3,6,21,
C++,g.lee,time_manager.cpp,3,6,18,
C++,g.lee,fmod_general.cpp,6,9,15,
C++,g.lee,tile_info.cpp,1,6,13,